vehicle_id,make,body_type,fuel_type,vehicle_condition,region,seller_type,vehicle_age,odometer_km,msrp,listing_price,current_market_price,listing_date,depreciation_percent,days_on_market,sale_status,final_sale_price,reliability_score,overall_safety_score,performance_score,overall_condition_score,accident_history
V00000001,BMW,Sedan,Electric,Very Good,West,Independent Dealer,6,52122,56204.07,29079.71,30105.56,2025-12-20,45.213798695892464,15.0,Sold,28189.66,72.3,52.5,65.4,71.7,0
V00000002,Chevrolet,SUV,Petrol,Good,Chubu,Private Seller,10,121918,25741.61,2210.41,2198.18,2025-11-14,91.03768065361677,51.0,Sold,2164.03,52.7,51.7,66.2,60.9,1
V00000003,Kia,SUV,Petrol,Excellent,Ile-de-France,Private Seller,2,21939,27482.64,16168.18,15495.8,2026-01-02,41.488564333013514,21.0,Available,0.0,78.2,70.4,65.9,92.1,0
V00000004,Hyundai,SUV,Electric,Fair,Provence,Private Seller,11,162555,53061.91,2982.87,3203.18,2025-10-31,93.96178171531184,16.0,Available,0.0,71.6,68.3,62.4,50.3,1
V00000005,Honda,Sedan,Petrol,Very Good,North Rhine,Independent Dealer,4,55307,29362.8,9866.65,9484.34,2025-12-14,67.43083335136181,45.0,Available,0.0,92.3,38.8,62.0,74.9,0
V00000006,Chevrolet,SUV,Diesel,Excellent,Bavaria,Authorized Dealer,1,15747,25809.25,15791.41,16393.96,2026-01-14,34.152076379600516,14.0,Withdrawn,0.0,77.1,20.0,66.5,94.5,0
V00000007,Toyota,Sedan,Petrol,Excellent,West,Authorized Dealer,2,13847,22689.4,11607.12,11958.07,2025-08-10,45.56055726578839,3.0,Available,,90.6,46.7,69.3,93.1,1
V00000008,Ford,SUV,Petrol,Excellent,Victoria,Private Seller,1,7652,27486.55,21030.01,18632.79,2026-01-13,29.274118734883324,14.0,Available,0.0,80.7,79.3,57.6,96.2,0
V00000009,Lexus,Sedan,Petrol,Excellent,Bavaria,Authorized Dealer,2,10258,47908.05,53551.3,53939.32,2025-11-24,-16.401260964817624,62.0,Sold,47630.59,92.0,35.7,67.8,89.2,0
V00000010,BMW,SUV,Electric,Excellent,Tuscany,Independent Dealer,3,49637,82767.4,88604.58,81543.02,2025-12-26,-2.764546208747478,29.0,Sold,84726.45,69.2,51.2,67.3,89.3,0
V00000011,Ford,Pickup,Diesel,Good,Dubai,Fleet Seller,12,115223,30939.34,2721.08,2705.72,2025-10-06,90.84570920108199,18.0,Sold,,62.0,43.4,62.5,66.5,1
V00000012,Ford,SUV,Petrol,Excellent,Lombardy,Private Seller,0,0,37823.48,32640.23,29531.43,2026-01-14,19.999983746127512,59.0,Available,0.0,75.1,25.4,84.7,96.1,0
V00000013,Ford,Coupe,Diesel,Very Good,Veneto,Independent Dealer,6,38453,33217.9,10263.14,10135.14,2025-11-15,68.8545612610179,44.0,Withdrawn,0.0,67.6,42.7,68.3,83.1,0
V00000014,Toyota,Sedan,Petrol,Excellent,Baden-Wurttemberg,Fleet Seller,2,15109,27967.87,15035.83,14519.41,2025-12-24,47.78542967289048,34.0,Sold,13722.58,79.5,52.1,62.6,96.7,0
V00000015,Volkswagen,Hatchback,Diesel,Very Good,Northeast,Independent Dealer,8,34648,17877.84,4040.5,4263.16,2025-11-16,75.39736127414149,40.0,Sold,3844.08,54.1,78.6,54.3,77.0,0
V00000016,Toyota,SUV,Petrol,Excellent,Abu Dhabi,Fleet Seller,2,31013,30639.11,14563.29,14048.96,2025-10-29,51.924266730909274,28.0,Pending,0.0,92.7,20.0,57.0,88.2,0
V00000017,Audi,SUV,Petrol,Excellent,North Rhine,Fleet Seller,4,51705,37874.23,39586.53,34669.3,2025-12-01,7.059492776390322,8.0,Sold,37770.63,68.8,79.4,64.4,92.9,1
V00000018,Mercedes-Benz,SUV,Diesel,Very Good,Northeast,Independent Dealer,6,69779,160622.59,95000.12,94948.57,2025-11-21,38.321374190597936,,Sold,85867.28,54.2,70.3,70.8,78.0,0
V00000019,Hyundai,Sedan,Petrol,,Bavaria,Authorized Dealer,13,197224,26761.51,1955.55,2000.0,2025-12-23,92.43713367366232,74.0,Available,0.0,53.4,86.0,62.6,39.6,1
V00000020,Toyota,Sedan,Diesel,Excellent,Tuscany,Fleet Seller,3,48148,19400.35,9603.83,9044.14,2025-12-13,53.203691697612776,77.0,Available,0.0,78.8,41.7,59.9,92.0,0
V00000021,Honda,Crossover,Petrol,Fair,Occitanie,Independent Dealer,8,166745,23082.93,1920.4,2000.0,2026-01-11,91.29693508514426,3.0,Available,0.0,84.2,43.0,84.0,50.9,0
V00000022,Toyota,Hatchback,Plug-in Hybrid,Very Good,West,Private Seller,6,46569,18554.85,4890.52,5097.51,2025-12-15,71.89080363745246,17.0,Reserved,,87.0,37.3,49.7,79.9,0
V00000023,Audi,Sedan,Diesel,Excellent,West,Fleet Seller,1,17484,102814.07,139084.66,135123.08,2025-11-19,-35.15142125303675,24.0,Available,0.0,68.7,83.6,69.1,90.5,0
V00000024,Toyota,Sedan,Diesel,Excellent,South,Independent Dealer,0,0,23435.04,16664.72,15721.34,2025-11-23,29.999977737259588,81.0,Available,0.0,100.0,75.7,59.9,92.6,0
V00000025,Ford,SUV,Diesel,Excellent,England,Independent Dealer,2,20466,36662.87,20174.92,21825.35,2025-12-11,39.75007101510048,8.0,Reserved,0.0,83.2,37.6,75.4,94.0,0
V00000026,Nissan,Hatchback,Hybrid,Very Good,Wales,Authorized Dealer,9,177307,17904.98,1953.6,2000.0,2025-12-14,88.65223760852716,32.0,Sold,1913.84,76.3,47.5,49.9,79.4,1
V00000027,Chevrolet,Pickup,Petrol,Good,Tuscany,Fleet Seller,7,95450,29395.16,5356.43,4885.25,2025-08-08,82.95636319614111,16.0,Available,0.0,54.7,,57.4,66.5,0
V00000028,Nissan,SUV,Diesel,Very Good,Normandy,Independent Dealer,2,28864,36856.08,15257.15,14792.93,2025-10-31,58.682786591519054,,Available,0.0,72.8,31.4,80.3,78.5,0
V00000029,Honda,Sedan,Petrol,Very Good,Dubai,Authorized Dealer,2,31334,28162.9,15998.14,13999.58,2025-12-25,49.29042498434295,3.0,Pending,0.0,82.2,,65.1,84.0,0
V00000030,Volkswagen,Pickup,Diesel,Good,West,Fleet Seller,8,93936,40183.86,6767.43,7227.25,2025-12-31,81.74669983313217,10.0,Reserved,0.0,63.9,45.5,56.4,64.5,1
V00000031,Toyota,Hatchback,Plug-in Hybrid,Excellent,Provence,Independent Dealer,6,62197,16977.13,4920.44,4444.79,2025-12-20,73.70248622347492,27.0,Sold,4524.68,76.0,36.6,57.8,87.7,0
V00000032,Mazda,Sedan,Petrol,Excellent,Veneto,Independent Dealer,0,0,32645.72,31172.54,30691.88,2025-11-13,5.642938349169222,46.0,Available,0.0,94.7,40.8,51.1,93.9,0
V00000033,Nissan,Hatchback,Electric,Poor,England,Independent Dealer,14,244222,27813.42,2038.59,2000.0,2026-01-09,92.60598397716728,12.0,Reserved,0.0,53.0,,56.3,35.8,1
V00000034,Chevrolet,SUV,Plug-in Hybrid,Very Good,Midwest,Independent Dealer,3,39182,63707.13,25734.87,25126.16,2025-11-14,59.032470709772674,17.0,Sold,24585.23,67.0,62.6,54.3,77.9,0
V00000035,Toyota,SUV,Petrol,Excellent,South,Private Seller,1,19520,31560.83,18124.0,18538.93,2025-11-28,40.59933412303825,71.0,Sold,16740.48,91.6,41.6,51.7,97.2,0
V00000036,Mazda,SUV,Petrol,Very Good,North Rhine,Private Seller,4,88177,28555.87,12899.03,11857.04,2025-12-23,56.706586148564156,71.0,Sold,11715.7,81.4,38.5,53.0,83.5,0
V00000037,Chevrolet,SUV,Petrol,Excellent,Northern Ireland,Authorized Dealer,2,34718,57775.29,35778.91,32985.04,2026-01-14,42.23986475897058,38.0,Available,0.0,66.4,51.4,65.9,94.3,0
V00000038,Hyundai,SUV,Electric,Very Good,South,Independent Dealer,4,35649,42173.74,15869.51,15481.15,2025-12-22,61.602690786719286,29.0,Sold,15460.63,78.5,36.4,68.2,70.8,1
V00000039,Hyundai,SUV,Electric,Excellent,Kansai,Independent Dealer,5,72712,58247.31,21334.9,20128.62,2025-09-29,64.31876429873323,43.0,Pending,0.0,79.0,40.8,74.6,85.7,1
V00000040,Chevrolet,Pickup,Petrol,Excellent,Queensland,Private Seller,4,53691,35189.62,12997.62,13809.98,2026-01-11,59.24215683381047,30.0,Reserved,0.0,61.4,20.0,78.2,86.9,0
V00000041,Chevrolet,Coupe,Petrol,Excellent,Northeast,Independent Dealer,2,41001,32614.09,16317.34,16130.05,2025-10-24,48.17614657912222,14.0,Available,0.0,73.0,59.5,73.1,92.6,0
V00000042,Honda,SUV,Petrol,Good,Abu Dhabi,Private Seller,11,120122,29097.69,2788.19,2855.77,2025-10-29,89.99727845217134,26.0,Sold,2728.03,77.1,28.2,62.5,64.5,0
V00000043,Toyota,SUV,Petrol,Poor,Kyushu,Authorized Dealer,12,153029,42318.73,1949.45,2000.0,2026-01-11,95.18914825794248,66.0,Reserved,0.0,78.7,70.7,71.2,36.8,0
V00000044,Chevrolet,Hatchback,Electric,Excellent,Kansai,Fleet Seller,1,10745,31802.18,21997.95,20283.37,2026-01-08,36.049848868778,32.0,Pending,0.0,60.8,67.3,57.0,90.0,0
V00000045,Mercedes-Benz,SUV,Petrol,Excellent,Chubu,Private Seller,7,151577,147476.29,65347.88,61392.62,2025-09-12,58.275911072423725,50.0,Reserved,0.0,54.8,77.2,75.5,86.1,0
V00000046,Ford,Pickup,Diesel,Excellent,Kyushu,Private Seller,5,47814,24385.23,10038.2,8891.69,2025-12-02,62.60726290508634,130.0,Withdrawn,0.0,71.8,20.9,52.3,88.6,0
V00000047,Audi,Coupe,Petrol,Very Good,Victoria,Independent Dealer,6,45167,51998.97,29330.14,28480.55,2025-12-15,44.450425790576304,11.0,Pending,0.0,61.9,55.5,68.9,71.4,0
V00000048,Ford,SUV,Petrol,Very Good,Midwest,Authorized Dealer,2,33459,31367.37,17848.14,16928.44,2025-11-14,46.02860843000513,69.0,Reserved,0.0,80.5,32.6,70.1,83.9,0
V00000049,Nissan,Pickup,Hybrid,Good,Northeast,Authorized Dealer,13,154797,31864.97,2138.21,2000.0,2025-09-09,93.55312866665807,29.0,Reserved,0.0,61.0,41.4,50.2,56.9,0
V00000050,Volkswagen,Hatchback,Petrol,Excellent,Veneto,Private Seller,2,41722,25046.74,18384.21,17966.43,2026-01-05,26.306141718847798,,Sold,16693.93,70.1,36.6,56.7,91.2,0
V00000051,Ford,SUV,Petrol,Excellent,Provence,Authorized Dealer,0,0,40382.93,31516.48,32172.07,2025-11-16,19.99998508022364,37.0,Available,0.0,77.6,59.3,71.0,99.9,0
V00000052,Mazda,Convertible,Hybrid,Very Good,Northeast,Authorized Dealer,5,51316,25254.92,10128.27,8891.48,2026-01-12,63.394468256265235,10.0,Withdrawn,0.0,,60.3,63.7,76.3,0
V00000053,Hyundai,Sedan,Petrol,Good,West,Independent Dealer,10,103581,,2963.08,2797.32,2026-01-06,90.18821254032386,63.0,Reserved,,75.3,66.7,82.6,58.0,1
V00000054,Honda,Crossover,Petrol,Excellent,Normandy,Authorized Dealer,3,29422,25298.33,9925.61,10787.81,2026-01-03,56.40598430135198,24.0,Sold,9270.01,85.7,68.0,64.0,85.5,0
V00000055,Honda,Sedan,Petrol,Excellent,Provence,Authorized Dealer,2,18986,26861.23,14594.54,15467.5,2026-01-07,40.157534540718984,12.0,Sold,14258.74,87.4,54.5,71.7,98.9,0
V00000056,Honda,SUV,Petrol,Very Good,Saxony,Private Seller,3,40988,45006.84,17161.46,18527.37,2025-12-12,58.142950480125364,70.0,Sold,,88.0,45.5,48.0,77.3,0
V00000057,Mercedes-Benz,Sedan,Diesel,Excellent,Scotland,Independent Dealer,0,0,58878.2,110118.1,100441.28,2025-12-17,-74.14847094944382,11.0,Available,0.0,71.4,37.0,71.0,93.6,0
V00000058,Audi,Coupe,Diesel,Very Good,Chubu,Private Seller,1,15846,50629.99,54099.95,58177.65,2026-01-03,-20.348860301144963,38.0,Sold,48075.42,81.0,77.5,54.0,84.0,1
V00000059,Audi,SUV,Plug-in Hybrid,Very Good,Chubu,Private Seller,7,50053,56701.38,23711.84,24067.41,2025-12-08,56.669563474938464,67.0,Sold,23207.02,56.9,21.7,65.3,76.7,1
V00000060,Volkswagen,SUV,Diesel,Very Good,Northeast,Authorized Dealer,4,65911,56556.61,28659.45,24993.37,2025-12-12,54.71573232217541,26.0,Reserved,0.0,71.7,45.5,54.0,76.2,0
V00000061,Chevrolet,Sedan,Petrol,Fair,South,Independent Dealer,12,190007,24976.77,2000.61,2000.0,2025-12-30,91.6601963690163,52.0,Withdrawn,,60.1,35.4,58.1,42.9,1
V00000062,Audi,Sedan,Petrol,Fair,Western Australia,Private Seller,11,128533,34012.18,5229.86,4984.25,2025-09-22,85.20605998724888,35.0,Sold,4819.98,62.7,57.8,61.1,53.0,1
V00000063,Toyota,Sedan,Petrol,Excellent,Ajman,Private Seller,1,14796,29183.15,16437.15,16797.75,2025-12-30,41.65614542069643,7.0,Available,0.0,94.9,59.3,58.1,91.0,0
V00000064,Lexus,Sedan,Diesel,Excellent,Occitanie,Authorized Dealer,4,43437,39454.42,30358.06,28719.32,2026-01-12,25.168342645387774,28.0,Available,0.0,90.3,77.4,68.3,85.6,0
V00000065,Mercedes-Benz,SUV,Petrol,Good,Tuscany,Private Seller,6,60907,65246.88,40225.21,35453.31,2025-12-23,45.53078406378003,55.0,Pending,0.0,66.5,62.0,82.9,69.1,0
V00000066,Toyota,SUV,Petrol,Good,Sharjah,Authorized Dealer,8,104313,81065.1,10010.53,10044.49,2026-01-14,87.04751360241313,7.0,Available,0.0,77.2,50.7,80.1,68.0,1
V00000067,BMW,Sedan,Petrol,Good,Wales,Authorized Dealer,11,100227,67977.31,12430.29,12276.99,2025-11-03,81.43823623639635,25.0,Available,0.0,56.0,,84.2,59.1,0
V00000068,Mazda,Convertible,Plug-in Hybrid,Very Good,Northeast,Private Seller,4,62551,29947.48,14528.82,12725.66,2025-12-28,55.88599382747933,44.0,Available,0.0,71.8,40.6,60.8,76.3,0
V00000069,Ford,SUV,Hybrid,Very Good,Saxony,Authorized Dealer,7,177819,37591.54,5406.14,5330.84,2025-11-27,85.19212756430271,16.0,Available,0.0,62.3,55.8,73.6,75.8,0
V00000070,Chevrolet,Sedan,Petrol,Very Good,Saxony,Authorized Dealer,3,43573,26137.13,10728.47,10030.56,2025-10-19,60.087603416278576,46.0,Withdrawn,0.0,73.0,56.0,59.6,75.8,0
V00000071,Toyota,Hatchback,Diesel,,Saxony,Authorized Dealer,11,262376,17284.6,1897.19,2000.0,2025-12-30,88.42889236150685,99.0,Reserved,0.0,,42.1,59.1,47.9,1
V00000072,Nissan,Sedan,Petrol,Excellent,Baden-Wurttemberg,Authorized Dealer,0,0,19192.9,10814.2,11722.48,2025-12-28,35.99998252928937,59.0,Sold,,85.4,44.9,66.8,96.6,0
V00000073,Ford,Coupe,Diesel,Very Good,South,Fleet Seller,2,46461,37378.12,16078.66,17129.6,2026-01-13,52.62792556354173,20.0,Sold,14157.41,72.0,20.0,83.4,78.2,0
V00000074,Honda,Pickup,Petrol,Excellent,Northeast,Private Seller,1,10973,44587.18,25831.46,27187.41,2025-12-13,36.06559227502834,51.0,Sold,25228.42,75.7,34.7,69.2,92.3,0
V00000075,Ford,SUV,Petrol,Excellent,South,Private Seller,1,20937,26879.82,21383.38,18706.15,2025-12-25,30.25241072074416,53.0,Available,0.0,83.9,35.4,70.8,96.8,0
V00000076,Ford,SUV,Diesel,Very Good,Lombardy,Independent Dealer,2,25904,36870.69,18779.49,18889.62,2026-01-10,46.670419669045046,117.0,Available,0.0,67.2,69.8,61.9,83.1,0
V00000077,Volkswagen,Sedan,Hybrid,Fair,Midwest,Authorized Dealer,11,159741,34807.89,3015.88,2719.67,2026-01-01,91.97345843665316,100.0,Available,0.0,64.3,46.3,66.4,53.1,0
V00000078,Ford,Pickup,Petrol,Very Good,West,Authorized Dealer,7,69241,28569.62,6169.38,6013.98,2025-10-05,77.93364440613824,36.0,Sold,6001.31,68.5,53.9,51.5,77.8,1
V00000079,Nissan,SUV,Petrol,Excellent,Saxony,Independent Dealer,2,30556,26362.32,13200.54,11492.87,2026-01-05,55.17438815058424,60.0,Sold,11971.18,67.3,56.2,64.1,86.5,0
V00000080,Hyundai,SUV,Electric,Good,Normandy,Private Seller,9,160944,42378.41,3522.46,3504.1,2025-11-27,91.67118273436014,19.0,Pending,0.0,62.0,30.0,69.6,60.3,1
V00000081,Ford,Hatchback,Diesel,Good,NSW,Independent Dealer,10,177474,22668.76,2013.78,2000.0,2025-12-20,91.06629567970526,30.0,Available,0.0,64.7,59.4,70.2,57.3,0
V00000082,Audi,SUV,Diesel,Excellent,Northern Ireland,Independent Dealer,2,45857,43602.07,47183.37,45692.96,2026-01-13,-9.448226485904748,20.0,Available,0.0,75.4,23.6,65.3,88.2,1
V00000083,Hyundai,SUV,Diesel,Excellent,Northern Ireland,Authorized Dealer,2,29782,38373.21,22530.31,22624.28,2025-11-04,39.69164858024958,34.0,Pending,0.0,66.4,31.2,79.7,87.2,0
V00000084,Chevrolet,SUV,Plug-in Hybrid,Excellent,Kyushu,Fleet Seller,0,0,27392.02,19464.36,20764.52,2025-12-30,24.0000087842136,19.0,Available,0.0,76.8,49.9,65.2,100.0,0
V00000085,Toyota,Sedan,Petrol,Very Good,North Rhine,Authorized Dealer,5,116494,21466.01,4514.89,4423.82,2025-09-06,78.74591980966639,85.0,Reserved,0.0,77.0,24.5,63.0,76.5,0
V00000086,Ford,SUV,Petrol,Excellent,Bavaria,Fleet Seller,1,29802,40486.52,24846.16,22998.1,2025-12-13,41.29569072219158,28.0,Sold,23706.96,78.6,44.9,60.0,86.7,1
V00000087,Honda,SUV,Petrol,Very Good,Ile-de-France,Independent Dealer,3,66301,30914.41,14294.42,13294.01,2025-12-16,56.61280531585749,21.0,Available,,85.1,47.9,52.5,84.9,0
V00000088,Toyota,Hatchback,Petrol,Good,Kyushu,Private Seller,7,76148,25407.76,4975.39,4355.72,2026-01-11,82.37642270172726,62.0,Pending,0.0,82.6,32.3,54.2,68.9,1
V00000089,Hyundai,Sedan,Petrol,Very Good,Midwest,Authorized Dealer,4,97752,26432.52,9088.46,9592.0,2025-09-30,62.951618877525206,23.0,Available,,74.8,46.1,69.0,82.0,0
V00000090,Hyundai,SUV,Petrol,Good,Chubu,Authorized Dealer,11,124425,,2907.13,2912.45,2025-12-12,92.00396555208042,140.0,Available,0.0,72.9,54.1,57.5,58.2,0
V00000091,Chevrolet,SUV,Diesel,Excellent,Ile-de-France,Private Seller,3,29472,31211.79,13765.7,14457.44,2026-01-12,51.47111197489478,17.0,Available,0.0,69.7,42.5,74.3,91.8,0
V00000092,Honda,Hatchback,Hybrid,Fair,Provence,Independent Dealer,13,165388,47110.34,3047.63,2897.33,2026-01-03,93.6379117072587,12.0,Reserved,0.0,72.8,84.0,62.1,54.9,1
V00000093,Mazda,Sedan,Petrol,Good,South,Authorized Dealer,8,107894,20893.39,3642.44,3349.42,2025-12-26,83.84988107114565,56.0,Sold,3532.3,67.7,35.7,51.9,62.7,0
V00000094,Toyota,Hatchback,Petrol,Excellent,Ile-de-France,Authorized Dealer,0,0,26947.76,15733.79,16205.53,2026-01-06,37.40089926529098,9.0,Available,0.0,93.4,66.2,56.9,89.2,0
V00000095,Kia,SUV,Petrol,Very Good,South,Authorized Dealer,6,51530,29285.87,8026.13,8084.29,2026-01-15,72.35233705683332,15.0,Reserved,0.0,76.7,42.3,74.5,78.6,0
V00000096,Toyota,SUV,Petrol,Excellent,England,Private Seller,1,6254,43996.11,30917.11,27521.81,2025-12-28,36.606900179939785,104.0,Reserved,0.0,100.0,20.0,62.4,95.9,0
V00000097,Ford,SUV,Petrol,Very Good,Dubai,Authorized Dealer,9,102607,38996.73,3883.9,3950.53,2026-01-10,89.56871499057087,78.0,Available,0.0,62.3,62.0,60.5,70.1,0
V00000098,Volkswagen,Sedan,Petrol,Fair,Midwest,Authorized Dealer,10,193249,23563.19,2102.48,2000.0,2025-11-11,91.29109893703507,23.0,Available,,57.2,45.2,57.5,49.6,1
V00000099,Lexus,SUV,Diesel,Excellent,Tuscany,Authorized Dealer,1,16347,85365.46,92617.55,99908.31,2025-12-04,-17.192986366158316,68.0,Available,0.0,100.0,48.4,74.6,88.0,1
V00000100,Ford,Coupe,Petrol,Very Good,Ile-de-France,Independent Dealer,5,65181,34005.2,13884.79,12239.78,2025-10-14,63.87392955407704,30.0,Available,0.0,71.5,79.6,74.5,84.1,0
